id,language,sentence,tokenized_sentence,expression,category,indices
synth_idiomatic_basamak yapmak_0,tr,basamak yapmak yüzünden tartışma çıktı.,"['basamak', 'yapmak', 'yüzünden', 'tartışma', 'çıktı.']",basamak yapmak,idiomatic,"[0, 1]"
synth_idiomatic_basamak yapmak_1,tr,Onlar hep basamak yapmak gibi davranıyor.,"['Onlar', 'hep', 'basamak', 'yapmak', 'gibi', 'davranıyor.']",basamak yapmak,idiomatic,"[2, 3]"
synth_literal_basamak yapmak_0,tr,Öğretmen basamak yapmak örneğini tahtaya yazdı.,"['Öğretmen', 'basamak', 'yapmak', 'örneğini', 'tahtaya', 'yazdı.']",basamak yapmak,literal,"[1, 2]"
synth_literal_basamak yapmak_1,tr,basamak yapmak kelimesini sözlükte aradı.,"['basamak', 'yapmak', 'kelimesini', 'sözlükte', 'aradı.']",basamak yapmak,literal,"[0, 1]"
synth_idiomatic_hesap vermek_0,tr,Onlar hep hesap vermek gibi davranıyor.,"['Onlar', 'hep', 'hesap', 'vermek', 'gibi', 'davranıyor.']",hesap vermek,idiomatic,"[2, 3]"
synth_idiomatic_hesap vermek_1,tr,hesap vermek yüzünden tartışma çıktı.,"['hesap', 'vermek', 'yüzünden', 'tartışma', 'çıktı.']",hesap vermek,idiomatic,"[0, 1]"
synth_literal_hesap vermek_0,tr,hesap vermek kelimesini sözlükte aradı.,"['hesap', 'vermek', 'kelimesini', 'sözlükte', 'aradı.']",hesap vermek,literal,"[0, 1]"
synth_literal_hesap vermek_1,tr,Öğretmen hesap vermek örneğini tahtaya yazdı.,"['Öğretmen', 'hesap', 'vermek', 'örneğini', 'tahtaya', 'yazdı.']",hesap vermek,literal,"[1, 2]"
synth_idiomatic_zaman öldürmek_0,tr,zaman öldürmek yüzünden tartışma çıktı.,"['zaman', 'öldürmek', 'yüzünden', 'tartışma', 'çıktı.']",zaman öldürmek,idiomatic,"[0, 1]"
synth_idiomatic_zaman öldürmek_1,tr,O da sonunda zaman öldürmek zorunda kaldı.,"['O', 'da', 'sonunda', 'zaman', 'öldürmek', 'zorunda', 'kaldı.']",zaman öldürmek,idiomatic,"[3, 4]"
synth_literal_zaman öldürmek_0,tr,Öğretmen zaman öldürmek örneğini tahtaya yazdı.,"['Öğretmen', 'zaman', 'öldürmek', 'örneğini', 'tahtaya', 'yazdı.']",zaman öldürmek,literal,"[1, 2]"
synth_literal_zaman öldürmek_1,tr,Sınavda zaman öldürmek deyimini açıklaması istendi.,"['Sınavda', 'zaman', 'öldürmek', 'deyimini', 'açıklaması', 'istendi.']",zaman öldürmek,literal,"[1, 2]"
synth_idiomatic_defterden silmek_0,tr,O da sonunda defterden silmek zorunda kaldı.,"['O', 'da', 'sonunda', 'defterden', 'silmek', 'zorunda', 'kaldı.']",defterden silmek,idiomatic,"[3, 4]"
synth_idiomatic_defterden silmek_1,tr,Onlar hep defterden silmek gibi davranıyor.,"['Onlar', 'hep', 'defterden', 'silmek', 'gibi', 'davranıyor.']",defterden silmek,idiomatic,"[2, 3]"
synth_literal_defterden silmek_0,tr,Öğretmen defterden silmek örneğini tahtaya yazdı.,"['Öğretmen', 'defterden', 'silmek', 'örneğini', 'tahtaya', 'yazdı.']",defterden silmek,literal,"[1, 2]"
synth_literal_defterden silmek_1,tr,Sınavda defterden silmek deyimini açıklaması istendi.,"['Sınavda', 'defterden', 'silmek', 'deyimini', 'açıklaması', 'istendi.']",defterden silmek,literal,"[1, 2]"
synth_idiomatic_ortaya koymak_0,tr,Onlar hep ortaya koymak gibi davranıyor.,"['Onlar', 'hep', 'ortaya', 'koymak', 'gibi', 'davranıyor.']",ortaya koymak,idiomatic,"[2, 3]"
synth_idiomatic_ortaya koymak_1,tr,ortaya koymak yüzünden tartışma çıktı.,"['ortaya', 'koymak', 'yüzünden', 'tartışma', 'çıktı.']",ortaya koymak,idiomatic,"[0, 1]"
synth_literal_ortaya koymak_0,tr,Cümlede geçen ortaya koymak kısmını vurguladı.,"['Cümlede', 'geçen', 'ortaya', 'koymak', 'kısmını', 'vurguladı.']",ortaya koymak,literal,"[2, 3]"
synth_literal_ortaya koymak_1,tr,Öğretmen ortaya koymak örneğini tahtaya yazdı.,"['Öğretmen', 'ortaya', 'koymak', 'örneğini', 'tahtaya', 'yazdı.']",ortaya koymak,literal,"[1, 2]"
synth_idiomatic_karşı çıkmak_0,tr,Bazıları karşı çıkmak gerektiğini düşünüyor.,"['Bazıları', 'karşı', 'çıkmak', 'gerektiğini', 'düşünüyor.']",karşı çıkmak,idiomatic,"[1, 2]"
synth_idiomatic_karşı çıkmak_1,tr,karşı çıkmak yüzünden tartışma çıktı.,"['karşı', 'çıkmak', 'yüzünden', 'tartışma', 'çıktı.']",karşı çıkmak,idiomatic,"[0, 1]"
synth_literal_karşı çıkmak_0,tr,Öğretmen karşı çıkmak örneğini tahtaya yazdı.,"['Öğretmen', 'karşı', 'çıkmak', 'örneğini', 'tahtaya', 'yazdı.']",karşı çıkmak,literal,"[1, 2]"
synth_literal_karşı çıkmak_1,tr,Cümlede geçen karşı çıkmak kısmını vurguladı.,"['Cümlede', 'geçen', 'karşı', 'çıkmak', 'kısmını', 'vurguladı.']",karşı çıkmak,literal,"[2, 3]"
synth_idiomatic_üstünden atmak_0,tr,üstünden atmak yüzünden tartışma çıktı.,"['üstünden', 'atmak', 'yüzünden', 'tartışma', 'çıktı.']",üstünden atmak,idiomatic,"[0, 1]"
synth_idiomatic_üstünden atmak_1,tr,Onlar hep üstünden atmak gibi davranıyor.,"['Onlar', 'hep', 'üstünden', 'atmak', 'gibi', 'davranıyor.']",üstünden atmak,idiomatic,"[2, 3]"
synth_literal_üstünden atmak_0,tr,Sınavda üstünden atmak deyimini açıklaması istendi.,"['Sınavda', 'üstünden', 'atmak', 'deyimini', 'açıklaması', 'istendi.']",üstünden atmak,literal,"[1, 2]"
synth_literal_üstünden atmak_1,tr,üstünden atmak kelimesini sözlükte aradı.,"['üstünden', 'atmak', 'kelimesini', 'sözlükte', 'aradı.']",üstünden atmak,literal,"[0, 1]"
synth_idiomatic_iz bırakmak_0,tr,Bazıları iz bırakmak gerektiğini düşünüyor.,"['Bazıları', 'iz', 'bırakmak', 'gerektiğini', 'düşünüyor.']",iz bırakmak,idiomatic,"[1, 2]"
synth_idiomatic_iz bırakmak_1,tr,iz bırakmak yüzünden tartışma çıktı.,"['iz', 'bırakmak', 'yüzünden', 'tartışma', 'çıktı.']",iz bırakmak,idiomatic,"[0, 1]"
synth_literal_iz bırakmak_0,tr,iz bırakmak kelimesini sözlükte aradı.,"['iz', 'bırakmak', 'kelimesini', 'sözlükte', 'aradı.']",iz bırakmak,literal,"[0, 1]"
synth_literal_iz bırakmak_1,tr,Öğretmen iz bırakmak örneğini tahtaya yazdı.,"['Öğretmen', 'iz', 'bırakmak', 'örneğini', 'tahtaya', 'yazdı.']",iz bırakmak,literal,"[1, 2]"
synth_idiomatic_el açmak_0,tr,O da sonunda el açmak zorunda kaldı.,"['O', 'da', 'sonunda', 'el', 'açmak', 'zorunda', 'kaldı.']",el açmak,idiomatic,"[3, 4]"
synth_idiomatic_el açmak_1,tr,Bazıları el açmak gerektiğini düşünüyor.,"['Bazıları', 'el', 'açmak', 'gerektiğini', 'düşünüyor.']",el açmak,idiomatic,"[1, 2]"
synth_literal_el açmak_0,tr,Cümlede geçen el açmak kısmını vurguladı.,"['Cümlede', 'geçen', 'el', 'açmak', 'kısmını', 'vurguladı.']",el açmak,literal,"[2, 3]"
synth_literal_el açmak_1,tr,Sınavda el açmak deyimini açıklaması istendi.,"['Sınavda', 'el', 'açmak', 'deyimini', 'açıklaması', 'istendi.']",el açmak,literal,"[1, 2]"
synth_idiomatic_ayvayı yemek_0,tr,Onlar hep ayvayı yemek gibi davranıyor.,"['Onlar', 'hep', 'ayvayı', 'yemek', 'gibi', 'davranıyor.']",ayvayı yemek,idiomatic,"[2, 3]"
synth_idiomatic_ayvayı yemek_1,tr,O da sonunda ayvayı yemek zorunda kaldı.,"['O', 'da', 'sonunda', 'ayvayı', 'yemek', 'zorunda', 'kaldı.']",ayvayı yemek,idiomatic,"[3, 4]"
synth_literal_ayvayı yemek_0,tr,ayvayı yemek kelimesini sözlükte aradı.,"['ayvayı', 'yemek', 'kelimesini', 'sözlükte', 'aradı.']",ayvayı yemek,literal,"[0, 1]"
synth_literal_ayvayı yemek_1,tr,Sınavda ayvayı yemek deyimini açıklaması istendi.,"['Sınavda', 'ayvayı', 'yemek', 'deyimini', 'açıklaması', 'istendi.']",ayvayı yemek,literal,"[1, 2]"
synth_idiomatic_rol oynamak_0,tr,O da sonunda rol oynamak zorunda kaldı.,"['O', 'da', 'sonunda', 'rol', 'oynamak', 'zorunda', 'kaldı.']",rol oynamak,idiomatic,"[3, 4]"
synth_idiomatic_rol oynamak_1,tr,rol oynamak yüzünden tartışma çıktı.,"['rol', 'oynamak', 'yüzünden', 'tartışma', 'çıktı.']",rol oynamak,idiomatic,"[0, 1]"
synth_literal_rol oynamak_0,tr,Öğretmen rol oynamak örneğini tahtaya yazdı.,"['Öğretmen', 'rol', 'oynamak', 'örneğini', 'tahtaya', 'yazdı.']",rol oynamak,literal,"[1, 2]"
synth_literal_rol oynamak_1,tr,rol oynamak kelimesini sözlükte aradı.,"['rol', 'oynamak', 'kelimesini', 'sözlükte', 'aradı.']",rol oynamak,literal,"[0, 1]"
synth_idiomatic_parmak basmak_0,tr,Bazıları parmak basmak gerektiğini düşünüyor.,"['Bazıları', 'parmak', 'basmak', 'gerektiğini', 'düşünüyor.']",parmak basmak,idiomatic,"[1, 2]"
synth_idiomatic_parmak basmak_1,tr,parmak basmak yüzünden tartışma çıktı.,"['parmak', 'basmak', 'yüzünden', 'tartışma', 'çıktı.']",parmak basmak,idiomatic,"[0, 1]"
synth_literal_parmak basmak_0,tr,Cümlede geçen parmak basmak kısmını vurguladı.,"['Cümlede', 'geçen', 'parmak', 'basmak', 'kısmını', 'vurguladı.']",parmak basmak,literal,"[2, 3]"
synth_literal_parmak basmak_1,tr,Sınavda parmak basmak deyimini açıklaması istendi.,"['Sınavda', 'parmak', 'basmak', 'deyimini', 'açıklaması', 'istendi.']",parmak basmak,literal,"[1, 2]"
synth_idiomatic_içi erimek_0,tr,Bazıları içi erimek gerektiğini düşünüyor.,"['Bazıları', 'içi', 'erimek', 'gerektiğini', 'düşünüyor.']",içi erimek,idiomatic,"[1, 2]"
synth_idiomatic_içi erimek_1,tr,Onlar hep içi erimek gibi davranıyor.,"['Onlar', 'hep', 'içi', 'erimek', 'gibi', 'davranıyor.']",içi erimek,idiomatic,"[2, 3]"
synth_literal_içi erimek_0,tr,içi erimek kelimesini sözlükte aradı.,"['içi', 'erimek', 'kelimesini', 'sözlükte', 'aradı.']",içi erimek,literal,"[0, 1]"
synth_literal_içi erimek_1,tr,Cümlede geçen içi erimek kısmını vurguladı.,"['Cümlede', 'geçen', 'içi', 'erimek', 'kısmını', 'vurguladı.']",içi erimek,literal,"[2, 3]"
synth_idiomatic_sayıp dökmek_0,tr,Onlar hep sayıp dökmek gibi davranıyor.,"['Onlar', 'hep', 'sayıp', 'dökmek', 'gibi', 'davranıyor.']",sayıp dökmek,idiomatic,"[2, 3]"
synth_idiomatic_sayıp dökmek_1,tr,O da sonunda sayıp dökmek zorunda kaldı.,"['O', 'da', 'sonunda', 'sayıp', 'dökmek', 'zorunda', 'kaldı.']",sayıp dökmek,idiomatic,"[3, 4]"
synth_literal_sayıp dökmek_0,tr,Öğretmen sayıp dökmek örneğini tahtaya yazdı.,"['Öğretmen', 'sayıp', 'dökmek', 'örneğini', 'tahtaya', 'yazdı.']",sayıp dökmek,literal,"[1, 2]"
synth_literal_sayıp dökmek_1,tr,Sınavda sayıp dökmek deyimini açıklaması istendi.,"['Sınavda', 'sayıp', 'dökmek', 'deyimini', 'açıklaması', 'istendi.']",sayıp dökmek,literal,"[1, 2]"
synth_idiomatic_ele almak_0,tr,ele almak yüzünden tartışma çıktı.,"['ele', 'almak', 'yüzünden', 'tartışma', 'çıktı.']",ele almak,idiomatic,"[0, 1]"
synth_idiomatic_ele almak_1,tr,Bazıları ele almak gerektiğini düşünüyor.,"['Bazıları', 'ele', 'almak', 'gerektiğini', 'düşünüyor.']",ele almak,idiomatic,"[1, 2]"
synth_literal_ele almak_0,tr,Cümlede geçen ele almak kısmını vurguladı.,"['Cümlede', 'geçen', 'ele', 'almak', 'kısmını', 'vurguladı.']",ele almak,literal,"[2, 3]"
synth_literal_ele almak_1,tr,ele almak kelimesini sözlükte aradı.,"['ele', 'almak', 'kelimesini', 'sözlükte', 'aradı.']",ele almak,literal,"[0, 1]"
synth_idiomatic_üste çıkmak_0,tr,O da sonunda üste çıkmak zorunda kaldı.,"['O', 'da', 'sonunda', 'üste', 'çıkmak', 'zorunda', 'kaldı.']",üste çıkmak,idiomatic,"[3, 4]"
synth_idiomatic_üste çıkmak_1,tr,Bazıları üste çıkmak gerektiğini düşünüyor.,"['Bazıları', 'üste', 'çıkmak', 'gerektiğini', 'düşünüyor.']",üste çıkmak,idiomatic,"[1, 2]"
synth_literal_üste çıkmak_0,tr,Cümlede geçen üste çıkmak kısmını vurguladı.,"['Cümlede', 'geçen', 'üste', 'çıkmak', 'kısmını', 'vurguladı.']",üste çıkmak,literal,"[2, 3]"
synth_literal_üste çıkmak_1,tr,üste çıkmak kelimesini sözlükte aradı.,"['üste', 'çıkmak', 'kelimesini', 'sözlükte', 'aradı.']",üste çıkmak,literal,"[0, 1]"
synth_idiomatic_kolları sıvamak_0,tr,Bazıları kolları sıvamak gerektiğini düşünüyor.,"['Bazıları', 'kolları', 'sıvamak', 'gerektiğini', 'düşünüyor.']",kolları sıvamak,idiomatic,"[1, 2]"
synth_idiomatic_kolları sıvamak_1,tr,kolları sıvamak yüzünden tartışma çıktı.,"['kolları', 'sıvamak', 'yüzünden', 'tartışma', 'çıktı.']",kolları sıvamak,idiomatic,"[0, 1]"
synth_literal_kolları sıvamak_0,tr,Öğretmen kolları sıvamak örneğini tahtaya yazdı.,"['Öğretmen', 'kolları', 'sıvamak', 'örneğini', 'tahtaya', 'yazdı.']",kolları sıvamak,literal,"[1, 2]"
synth_literal_kolları sıvamak_1,tr,Cümlede geçen kolları sıvamak kısmını vurguladı.,"['Cümlede', 'geçen', 'kolları', 'sıvamak', 'kısmını', 'vurguladı.']",kolları sıvamak,literal,"[2, 3]"
synth_idiomatic_yer vermek_0,tr,Onlar hep yer vermek gibi davranıyor.,"['Onlar', 'hep', 'yer', 'vermek', 'gibi', 'davranıyor.']",yer vermek,idiomatic,"[2, 3]"
synth_idiomatic_yer vermek_1,tr,Bazıları yer vermek gerektiğini düşünüyor.,"['Bazıları', 'yer', 'vermek', 'gerektiğini', 'düşünüyor.']",yer vermek,idiomatic,"[1, 2]"
synth_literal_yer vermek_0,tr,Sınavda yer vermek deyimini açıklaması istendi.,"['Sınavda', 'yer', 'vermek', 'deyimini', 'açıklaması', 'istendi.']",yer vermek,literal,"[1, 2]"
synth_literal_yer vermek_1,tr,Cümlede geçen yer vermek kısmını vurguladı.,"['Cümlede', 'geçen', 'yer', 'vermek', 'kısmını', 'vurguladı.']",yer vermek,literal,"[2, 3]"
synth_idiomatic_zaman kazanmak_0,tr,O da sonunda zaman kazanmak zorunda kaldı.,"['O', 'da', 'sonunda', 'zaman', 'kazanmak', 'zorunda', 'kaldı.']",zaman kazanmak,idiomatic,"[3, 4]"
synth_idiomatic_zaman kazanmak_1,tr,Onlar hep zaman kazanmak gibi davranıyor.,"['Onlar', 'hep', 'zaman', 'kazanmak', 'gibi', 'davranıyor.']",zaman kazanmak,idiomatic,"[2, 3]"
synth_literal_zaman kazanmak_0,tr,Cümlede geçen zaman kazanmak kısmını vurguladı.,"['Cümlede', 'geçen', 'zaman', 'kazanmak', 'kısmını', 'vurguladı.']",zaman kazanmak,literal,"[2, 3]"
synth_literal_zaman kazanmak_1,tr,Öğretmen zaman kazanmak örneğini tahtaya yazdı.,"['Öğretmen', 'zaman', 'kazanmak', 'örneğini', 'tahtaya', 'yazdı.']",zaman kazanmak,literal,"[1, 2]"
synth_idiomatic_sıkı durmak_0,tr,Onlar hep sıkı durmak gibi davranıyor.,"['Onlar', 'hep', 'sıkı', 'durmak', 'gibi', 'davranıyor.']",sıkı durmak,idiomatic,"[2, 3]"
synth_idiomatic_sıkı durmak_1,tr,sıkı durmak yüzünden tartışma çıktı.,"['sıkı', 'durmak', 'yüzünden', 'tartışma', 'çıktı.']",sıkı durmak,idiomatic,"[0, 1]"
synth_literal_sıkı durmak_0,tr,Öğretmen sıkı durmak örneğini tahtaya yazdı.,"['Öğretmen', 'sıkı', 'durmak', 'örneğini', 'tahtaya', 'yazdı.']",sıkı durmak,literal,"[1, 2]"
synth_literal_sıkı durmak_1,tr,Sınavda sıkı durmak deyimini açıklaması istendi.,"['Sınavda', 'sıkı', 'durmak', 'deyimini', 'açıklaması', 'istendi.']",sıkı durmak,literal,"[1, 2]"
synth_idiomatic_el koymak_0,tr,Bazıları el koymak gerektiğini düşünüyor.,"['Bazıları', 'el', 'koymak', 'gerektiğini', 'düşünüyor.']",el koymak,idiomatic,"[1, 2]"
synth_idiomatic_el koymak_1,tr,O da sonunda el koymak zorunda kaldı.,"['O', 'da', 'sonunda', 'el', 'koymak', 'zorunda', 'kaldı.']",el koymak,idiomatic,"[3, 4]"
synth_literal_el koymak_0,tr,Sınavda el koymak deyimini açıklaması istendi.,"['Sınavda', 'el', 'koymak', 'deyimini', 'açıklaması', 'istendi.']",el koymak,literal,"[1, 2]"
synth_literal_el koymak_1,tr,el koymak kelimesini sözlükte aradı.,"['el', 'koymak', 'kelimesini', 'sözlükte', 'aradı.']",el koymak,literal,"[0, 1]"
synth_idiomatic_meydana gelmek_0,tr,meydana gelmek yüzünden tartışma çıktı.,"['meydana', 'gelmek', 'yüzünden', 'tartışma', 'çıktı.']",meydana gelmek,idiomatic,"[0, 1]"
synth_idiomatic_meydana gelmek_1,tr,Onlar hep meydana gelmek gibi davranıyor.,"['Onlar', 'hep', 'meydana', 'gelmek', 'gibi', 'davranıyor.']",meydana gelmek,idiomatic,"[2, 3]"
synth_literal_meydana gelmek_0,tr,Cümlede geçen meydana gelmek kısmını vurguladı.,"['Cümlede', 'geçen', 'meydana', 'gelmek', 'kısmını', 'vurguladı.']",meydana gelmek,literal,"[2, 3]"
synth_literal_meydana gelmek_1,tr,Sınavda meydana gelmek deyimini açıklaması istendi.,"['Sınavda', 'meydana', 'gelmek', 'deyimini', 'açıklaması', 'istendi.']",meydana gelmek,literal,"[1, 2]"
synth_idiomatic_yer almak_0,tr,Onlar hep yer almak gibi davranıyor.,"['Onlar', 'hep', 'yer', 'almak', 'gibi', 'davranıyor.']",yer almak,idiomatic,"[2, 3]"
synth_idiomatic_yer almak_1,tr,Bazıları yer almak gerektiğini düşünüyor.,"['Bazıları', 'yer', 'almak', 'gerektiğini', 'düşünüyor.']",yer almak,idiomatic,"[1, 2]"
synth_literal_yer almak_0,tr,yer almak kelimesini sözlükte aradı.,"['yer', 'almak', 'kelimesini', 'sözlükte', 'aradı.']",yer almak,literal,"[0, 1]"
synth_literal_yer almak_1,tr,Öğretmen yer almak örneğini tahtaya yazdı.,"['Öğretmen', 'yer', 'almak', 'örneğini', 'tahtaya', 'yazdı.']",yer almak,literal,"[1, 2]"
synth_idiomatic_ileri sürmek_0,tr,ileri sürmek yüzünden tartışma çıktı.,"['ileri', 'sürmek', 'yüzünden', 'tartışma', 'çıktı.']",ileri sürmek,idiomatic,"[0, 1]"
synth_idiomatic_ileri sürmek_1,tr,O da sonunda ileri sürmek zorunda kaldı.,"['O', 'da', 'sonunda', 'ileri', 'sürmek', 'zorunda', 'kaldı.']",ileri sürmek,idiomatic,"[3, 4]"
synth_literal_ileri sürmek_0,tr,Sınavda ileri sürmek deyimini açıklaması istendi.,"['Sınavda', 'ileri', 'sürmek', 'deyimini', 'açıklaması', 'istendi.']",ileri sürmek,literal,"[1, 2]"
synth_literal_ileri sürmek_1,tr,ileri sürmek kelimesini sözlükte aradı.,"['ileri', 'sürmek', 'kelimesini', 'sözlükte', 'aradı.']",ileri sürmek,literal,"[0, 1]"
synth_idiomatic_göz yummak_0,tr,O da sonunda göz yummak zorunda kaldı.,"['O', 'da', 'sonunda', 'göz', 'yummak', 'zorunda', 'kaldı.']",göz yummak,idiomatic,"[3, 4]"
synth_idiomatic_göz yummak_1,tr,göz yummak yüzünden tartışma çıktı.,"['göz', 'yummak', 'yüzünden', 'tartışma', 'çıktı.']",göz yummak,idiomatic,"[0, 1]"
synth_literal_göz yummak_0,tr,Öğretmen göz yummak örneğini tahtaya yazdı.,"['Öğretmen', 'göz', 'yummak', 'örneğini', 'tahtaya', 'yazdı.']",göz yummak,literal,"[1, 2]"
synth_literal_göz yummak_1,tr,Sınavda göz yummak deyimini açıklaması istendi.,"['Sınavda', 'göz', 'yummak', 'deyimini', 'açıklaması', 'istendi.']",göz yummak,literal,"[1, 2]"
synth_idiomatic_yol açmak_0,tr,Onlar hep yol açmak gibi davranıyor.,"['Onlar', 'hep', 'yol', 'açmak', 'gibi', 'davranıyor.']",yol açmak,idiomatic,"[2, 3]"
synth_idiomatic_yol açmak_1,tr,yol açmak yüzünden tartışma çıktı.,"['yol', 'açmak', 'yüzünden', 'tartışma', 'çıktı.']",yol açmak,idiomatic,"[0, 1]"
synth_literal_yol açmak_0,tr,Öğretmen yol açmak örneğini tahtaya yazdı.,"['Öğretmen', 'yol', 'açmak', 'örneğini', 'tahtaya', 'yazdı.']",yol açmak,literal,"[1, 2]"
synth_literal_yol açmak_1,tr,Sınavda yol açmak deyimini açıklaması istendi.,"['Sınavda', 'yol', 'açmak', 'deyimini', 'açıklaması', 'istendi.']",yol açmak,literal,"[1, 2]"
synth_idiomatic_üzerinde durmak_0,tr,üzerinde durmak yüzünden tartışma çıktı.,"['üzerinde', 'durmak', 'yüzünden', 'tartışma', 'çıktı.']",üzerinde durmak,idiomatic,"[0, 1]"
synth_idiomatic_üzerinde durmak_1,tr,Onlar hep üzerinde durmak gibi davranıyor.,"['Onlar', 'hep', 'üzerinde', 'durmak', 'gibi', 'davranıyor.']",üzerinde durmak,idiomatic,"[2, 3]"
synth_literal_üzerinde durmak_0,tr,üzerinde durmak kelimesini sözlükte aradı.,"['üzerinde', 'durmak', 'kelimesini', 'sözlükte', 'aradı.']",üzerinde durmak,literal,"[0, 1]"
synth_literal_üzerinde durmak_1,tr,Cümlede geçen üzerinde durmak kısmını vurguladı.,"['Cümlede', 'geçen', 'üzerinde', 'durmak', 'kısmını', 'vurguladı.']",üzerinde durmak,literal,"[2, 3]"
synth_idiomatic_ortaya çıkmak_0,tr,ortaya çıkmak yüzünden tartışma çıktı.,"['ortaya', 'çıkmak', 'yüzünden', 'tartışma', 'çıktı.']",ortaya çıkmak,idiomatic,"[0, 1]"
synth_idiomatic_ortaya çıkmak_1,tr,Onlar hep ortaya çıkmak gibi davranıyor.,"['Onlar', 'hep', 'ortaya', 'çıkmak', 'gibi', 'davranıyor.']",ortaya çıkmak,idiomatic,"[2, 3]"
synth_literal_ortaya çıkmak_0,tr,ortaya çıkmak kelimesini sözlükte aradı.,"['ortaya', 'çıkmak', 'kelimesini', 'sözlükte', 'aradı.']",ortaya çıkmak,literal,"[0, 1]"
synth_literal_ortaya çıkmak_1,tr,Cümlede geçen ortaya çıkmak kısmını vurguladı.,"['Cümlede', 'geçen', 'ortaya', 'çıkmak', 'kısmını', 'vurguladı.']",ortaya çıkmak,literal,"[2, 3]"
synth_idiomatic_nabzını tutmak_0,tr,O da sonunda nabzını tutmak zorunda kaldı.,"['O', 'da', 'sonunda', 'nabzını', 'tutmak', 'zorunda', 'kaldı.']",nabzını tutmak,idiomatic,"[3, 4]"
synth_idiomatic_nabzını tutmak_1,tr,nabzını tutmak yüzünden tartışma çıktı.,"['nabzını', 'tutmak', 'yüzünden', 'tartışma', 'çıktı.']",nabzını tutmak,idiomatic,"[0, 1]"
synth_literal_nabzını tutmak_0,tr,Sınavda nabzını tutmak deyimini açıklaması istendi.,"['Sınavda', 'nabzını', 'tutmak', 'deyimini', 'açıklaması', 'istendi.']",nabzını tutmak,literal,"[1, 2]"
synth_literal_nabzını tutmak_1,tr,nabzını tutmak kelimesini sözlükte aradı.,"['nabzını', 'tutmak', 'kelimesini', 'sözlükte', 'aradı.']",nabzını tutmak,literal,"[0, 1]"
synth_idiomatic_altını çizmek_0,tr,Bazıları altını çizmek gerektiğini düşünüyor.,"['Bazıları', 'altını', 'çizmek', 'gerektiğini', 'düşünüyor.']",altını çizmek,idiomatic,"[1, 2]"
synth_idiomatic_altını çizmek_1,tr,altını çizmek yüzünden tartışma çıktı.,"['altını', 'çizmek', 'yüzünden', 'tartışma', 'çıktı.']",altını çizmek,idiomatic,"[0, 1]"
synth_literal_altını çizmek_0,tr,Sınavda altını çizmek deyimini açıklaması istendi.,"['Sınavda', 'altını', 'çizmek', 'deyimini', 'açıklaması', 'istendi.']",altını çizmek,literal,"[1, 2]"
synth_literal_altını çizmek_1,tr,Cümlede geçen altını çizmek kısmını vurguladı.,"['Cümlede', 'geçen', 'altını', 'çizmek', 'kısmını', 'vurguladı.']",altını çizmek,literal,"[2, 3]"
synth_idiomatic_ağırlık vermek_0,tr,Bazıları ağırlık vermek gerektiğini düşünüyor.,"['Bazıları', 'ağırlık', 'vermek', 'gerektiğini', 'düşünüyor.']",ağırlık vermek,idiomatic,"[1, 2]"
synth_idiomatic_ağırlık vermek_1,tr,Onlar hep ağırlık vermek gibi davranıyor.,"['Onlar', 'hep', 'ağırlık', 'vermek', 'gibi', 'davranıyor.']",ağırlık vermek,idiomatic,"[2, 3]"
synth_literal_ağırlık vermek_0,tr,Sınavda ağırlık vermek deyimini açıklaması istendi.,"['Sınavda', 'ağırlık', 'vermek', 'deyimini', 'açıklaması', 'istendi.']",ağırlık vermek,literal,"[1, 2]"
synth_literal_ağırlık vermek_1,tr,Cümlede geçen ağırlık vermek kısmını vurguladı.,"['Cümlede', 'geçen', 'ağırlık', 'vermek', 'kısmını', 'vurguladı.']",ağırlık vermek,literal,"[2, 3]"
synth_idiomatic_üstüne almak_0,tr,Onlar hep üstüne almak gibi davranıyor.,"['Onlar', 'hep', 'üstüne', 'almak', 'gibi', 'davranıyor.']",üstüne almak,idiomatic,"[2, 3]"
synth_idiomatic_üstüne almak_1,tr,Bazıları üstüne almak gerektiğini düşünüyor.,"['Bazıları', 'üstüne', 'almak', 'gerektiğini', 'düşünüyor.']",üstüne almak,idiomatic,"[1, 2]"
synth_literal_üstüne almak_0,tr,Öğretmen üstüne almak örneğini tahtaya yazdı.,"['Öğretmen', 'üstüne', 'almak', 'örneğini', 'tahtaya', 'yazdı.']",üstüne almak,literal,"[1, 2]"
synth_literal_üstüne almak_1,tr,Sınavda üstüne almak deyimini açıklaması istendi.,"['Sınavda', 'üstüne', 'almak', 'deyimini', 'açıklaması', 'istendi.']",üstüne almak,literal,"[1, 2]"
synth_idiomatic_ortaya atmak_0,tr,O da sonunda ortaya atmak zorunda kaldı.,"['O', 'da', 'sonunda', 'ortaya', 'atmak', 'zorunda', 'kaldı.']",ortaya atmak,idiomatic,"[3, 4]"
synth_idiomatic_ortaya atmak_1,tr,Onlar hep ortaya atmak gibi davranıyor.,"['Onlar', 'hep', 'ortaya', 'atmak', 'gibi', 'davranıyor.']",ortaya atmak,idiomatic,"[2, 3]"
synth_literal_ortaya atmak_0,tr,Cümlede geçen ortaya atmak kısmını vurguladı.,"['Cümlede', 'geçen', 'ortaya', 'atmak', 'kısmını', 'vurguladı.']",ortaya atmak,literal,"[2, 3]"
synth_literal_ortaya atmak_1,tr,Sınavda ortaya atmak deyimini açıklaması istendi.,"['Sınavda', 'ortaya', 'atmak', 'deyimini', 'açıklaması', 'istendi.']",ortaya atmak,literal,"[1, 2]"
synth_idiomatic_öne sürmek_0,tr,Onlar hep öne sürmek gibi davranıyor.,"['Onlar', 'hep', 'öne', 'sürmek', 'gibi', 'davranıyor.']",öne sürmek,idiomatic,"[2, 3]"
synth_idiomatic_öne sürmek_1,tr,öne sürmek yüzünden tartışma çıktı.,"['öne', 'sürmek', 'yüzünden', 'tartışma', 'çıktı.']",öne sürmek,idiomatic,"[0, 1]"
synth_literal_öne sürmek_0,tr,öne sürmek kelimesini sözlükte aradı.,"['öne', 'sürmek', 'kelimesini', 'sözlükte', 'aradı.']",öne sürmek,literal,"[0, 1]"
synth_literal_öne sürmek_1,tr,Öğretmen öne sürmek örneğini tahtaya yazdı.,"['Öğretmen', 'öne', 'sürmek', 'örneğini', 'tahtaya', 'yazdı.']",öne sürmek,literal,"[1, 2]"
synth_idiomatic_adım atmak_0,tr,O da sonunda adım atmak zorunda kaldı.,"['O', 'da', 'sonunda', 'adım', 'atmak', 'zorunda', 'kaldı.']",adım atmak,idiomatic,"[3, 4]"
synth_idiomatic_adım atmak_1,tr,adım atmak yüzünden tartışma çıktı.,"['adım', 'atmak', 'yüzünden', 'tartışma', 'çıktı.']",adım atmak,idiomatic,"[0, 1]"
synth_literal_adım atmak_0,tr,Sınavda adım atmak deyimini açıklaması istendi.,"['Sınavda', 'adım', 'atmak', 'deyimini', 'açıklaması', 'istendi.']",adım atmak,literal,"[1, 2]"
synth_literal_adım atmak_1,tr,Öğretmen adım atmak örneğini tahtaya yazdı.,"['Öğretmen', 'adım', 'atmak', 'örneğini', 'tahtaya', 'yazdı.']",adım atmak,literal,"[1, 2]"
synth_idiomatic_başa geçmek_0,tr,O da sonunda başa geçmek zorunda kaldı.,"['O', 'da', 'sonunda', 'başa', 'geçmek', 'zorunda', 'kaldı.']",başa geçmek,idiomatic,"[3, 4]"
synth_idiomatic_başa geçmek_1,tr,başa geçmek yüzünden tartışma çıktı.,"['başa', 'geçmek', 'yüzünden', 'tartışma', 'çıktı.']",başa geçmek,idiomatic,"[0, 1]"
synth_literal_başa geçmek_0,tr,Cümlede geçen başa geçmek kısmını vurguladı.,"['Cümlede', 'geçen', 'başa', 'geçmek', 'kısmını', 'vurguladı.']",başa geçmek,literal,"[2, 3]"
synth_literal_başa geçmek_1,tr,Sınavda başa geçmek deyimini açıklaması istendi.,"['Sınavda', 'başa', 'geçmek', 'deyimini', 'açıklaması', 'istendi.']",başa geçmek,literal,"[1, 2]"
synth_idiomatic_Avere il becco lungo_0,it,Alcuni pensano che Avere il becco lungo sia necessario.,"['Alcuni', 'pensano', 'che', 'Avere', 'il', 'becco', 'lungo', 'sia', 'necessario.']",Avere il becco lungo,idiomatic,"[3, 4, 5, 6]"
synth_idiomatic_Avere il becco lungo_1,it,"A causa di Avere il becco lungo, è nata una discussione.","['A', 'causa', 'di', 'Avere', 'il', 'becco', 'lungo,', 'è', 'nata', 'una', 'discussione.']",Avere il becco lungo,idiomatic,"[3, 4, 5, 6]"
synth_literal_Avere il becco lungo_0,it,L'insegnante ha scritto l'esempio Avere il becco lungo alla lavagna.,"[""L'insegnante"", 'ha', 'scritto', ""l'esempio"", 'Avere', 'il', 'becco', 'lungo', 'alla', 'lavagna.']",Avere il becco lungo,literal,"[4, 5, 6, 7]"
synth_literal_Avere il becco lungo_1,it,Nel test è stato chiesto di spiegare Avere il becco lungo.,"['Nel', 'test', 'è', 'stato', 'chiesto', 'di', 'spiegare', 'Avere', 'il', 'becco', 'lungo.']",Avere il becco lungo,literal,"[7, 8, 9, 10]"
synth_idiomatic_Prendere con le pinze_0,it,Si comportano sempre come se fossero Prendere con le pinze.,"['Si', 'comportano', 'sempre', 'come', 'se', 'fossero', 'Prendere', 'con', 'le', 'pinze.']",Prendere con le pinze,idiomatic,"[6, 7, 8, 9]"
synth_idiomatic_Prendere con le pinze_1,it,Alla fine è stato costretto a Prendere con le pinze.,"['Alla', 'fine', 'è', 'stato', 'costretto', 'a', 'Prendere', 'con', 'le', 'pinze.']",Prendere con le pinze,idiomatic,"[6, 7, 8, 9]"
synth_literal_Prendere con le pinze_0,it,Ha cercato la parola Prendere con le pinze nel dizionario.,"['Ha', 'cercato', 'la', 'parola', 'Prendere', 'con', 'le', 'pinze', 'nel', 'dizionario.']",Prendere con le pinze,literal,"[4, 5, 6, 7]"
synth_literal_Prendere con le pinze_1,it,Ha evidenziato la parte Prendere con le pinze nella frase.,"['Ha', 'evidenziato', 'la', 'parte', 'Prendere', 'con', 'le', 'pinze', 'nella', 'frase.']",Prendere con le pinze,literal,"[4, 5, 6, 7]"
synth_idiomatic_Brancolare nel buio_0,it,Alla fine è stato costretto a Brancolare nel buio.,"['Alla', 'fine', 'è', 'stato', 'costretto', 'a', 'Brancolare', 'nel', 'buio.']",Brancolare nel buio,idiomatic,"[6, 7, 8]"
synth_idiomatic_Brancolare nel buio_1,it,"A causa di Brancolare nel buio, è nata una discussione.","['A', 'causa', 'di', 'Brancolare', 'nel', 'buio,', 'è', 'nata', 'una', 'discussione.']",Brancolare nel buio,idiomatic,"[3, 4, 5]"
synth_literal_Brancolare nel buio_0,it,Ha evidenziato la parte Brancolare nel buio nella frase.,"['Ha', 'evidenziato', 'la', 'parte', 'Brancolare', 'nel', 'buio', 'nella', 'frase.']",Brancolare nel buio,literal,"[4, 5, 6]"
synth_literal_Brancolare nel buio_1,it,L'insegnante ha scritto l'esempio Brancolare nel buio alla lavagna.,"[""L'insegnante"", 'ha', 'scritto', ""l'esempio"", 'Brancolare', 'nel', 'buio', 'alla', 'lavagna.']",Brancolare nel buio,literal,"[4, 5, 6]"
synth_idiomatic_mandare a casa_0,it,Si comportano sempre come se fossero mandare a casa.,"['Si', 'comportano', 'sempre', 'come', 'se', 'fossero', 'mandare', 'a', 'casa.']",mandare a casa,idiomatic,"[6, 7, 8]"
synth_idiomatic_mandare a casa_1,it,Alla fine è stato costretto a mandare a casa.,"['Alla', 'fine', 'è', 'stato', 'costretto', 'a', 'mandare', 'a', 'casa.']",mandare a casa,idiomatic,"[6, 7, 8]"
synth_literal_mandare a casa_0,it,Ha evidenziato la parte mandare a casa nella frase.,"['Ha', 'evidenziato', 'la', 'parte', 'mandare', 'a', 'casa', 'nella', 'frase.']",mandare a casa,literal,"[4, 5, 6]"
synth_literal_mandare a casa_1,it,L'insegnante ha scritto l'esempio mandare a casa alla lavagna.,"[""L'insegnante"", 'ha', 'scritto', ""l'esempio"", 'mandare', 'a', 'casa', 'alla', 'lavagna.']",mandare a casa,literal,"[4, 5, 6]"
synth_idiomatic_Essere su un binario morto_0,it,Si comportano sempre come se fossero Essere su un binario morto.,"['Si', 'comportano', 'sempre', 'come', 'se', 'fossero', 'Essere', 'su', 'un', 'binario', 'morto.']",Essere su un binario morto,idiomatic,"[6, 7, 8, 9, 10]"
synth_idiomatic_Essere su un binario morto_1,it,"A causa di Essere su un binario morto, è nata una discussione.","['A', 'causa', 'di', 'Essere', 'su', 'un', 'binario', 'morto,', 'è', 'nata', 'una', 'discussione.']",Essere su un binario morto,idiomatic,"[3, 4, 5, 6, 7]"
synth_literal_Essere su un binario morto_0,it,Ha evidenziato la parte Essere su un binario morto nella frase.,"['Ha', 'evidenziato', 'la', 'parte', 'Essere', 'su', 'un', 'binario', 'morto', 'nella', 'frase.']",Essere su un binario morto,literal,"[4, 5, 6, 7, 8]"
synth_literal_Essere su un binario morto_1,it,Ha cercato la parola Essere su un binario morto nel dizionario.,"['Ha', 'cercato', 'la', 'parola', 'Essere', 'su', 'un', 'binario', 'morto', 'nel', 'dizionario.']",Essere su un binario morto,literal,"[4, 5, 6, 7, 8]"
synth_idiomatic_Andare a gonfie vele_0,it,Si comportano sempre come se fossero Andare a gonfie vele.,"['Si', 'comportano', 'sempre', 'come', 'se', 'fossero', 'Andare', 'a', 'gonfie', 'vele.']",Andare a gonfie vele,idiomatic,"[6, 7, 8, 9]"
synth_idiomatic_Andare a gonfie vele_1,it,"A causa di Andare a gonfie vele, è nata una discussione.","['A', 'causa', 'di', 'Andare', 'a', 'gonfie', 'vele,', 'è', 'nata', 'una', 'discussione.']",Andare a gonfie vele,idiomatic,"[3, 4, 5, 6]"
synth_literal_Andare a gonfie vele_0,it,Ha cercato la parola Andare a gonfie vele nel dizionario.,"['Ha', 'cercato', 'la', 'parola', 'Andare', 'a', 'gonfie', 'vele', 'nel', 'dizionario.']",Andare a gonfie vele,literal,"[4, 5, 6, 7]"
synth_literal_Andare a gonfie vele_1,it,Ha evidenziato la parte Andare a gonfie vele nella frase.,"['Ha', 'evidenziato', 'la', 'parte', 'Andare', 'a', 'gonfie', 'vele', 'nella', 'frase.']",Andare a gonfie vele,literal,"[4, 5, 6, 7]"
synth_idiomatic_Voltare la faccia_0,it,"A causa di Voltare la faccia, è nata una discussione.","['A', 'causa', 'di', 'Voltare', 'la', 'faccia,', 'è', 'nata', 'una', 'discussione.']",Voltare la faccia,idiomatic,"[3, 4, 5]"
synth_idiomatic_Voltare la faccia_1,it,Alla fine è stato costretto a Voltare la faccia.,"['Alla', 'fine', 'è', 'stato', 'costretto', 'a', 'Voltare', 'la', 'faccia.']",Voltare la faccia,idiomatic,"[6, 7, 8]"
synth_literal_Voltare la faccia_0,it,L'insegnante ha scritto l'esempio Voltare la faccia alla lavagna.,"[""L'insegnante"", 'ha', 'scritto', ""l'esempio"", 'Voltare', 'la', 'faccia', 'alla', 'lavagna.']",Voltare la faccia,literal,"[4, 5, 6]"
synth_literal_Voltare la faccia_1,it,Nel test è stato chiesto di spiegare Voltare la faccia.,"['Nel', 'test', 'è', 'stato', 'chiesto', 'di', 'spiegare', 'Voltare', 'la', 'faccia.']",Voltare la faccia,literal,"[7, 8, 9]"
synth_idiomatic_Tirare su_0,it,Alla fine è stato costretto a Tirare su.,"['Alla', 'fine', 'è', 'stato', 'costretto', 'a', 'Tirare', 'su.']",Tirare su,idiomatic,"[6, 7]"
synth_idiomatic_Tirare su_1,it,Si comportano sempre come se fossero Tirare su.,"['Si', 'comportano', 'sempre', 'come', 'se', 'fossero', 'Tirare', 'su.']",Tirare su,idiomatic,"[6, 7]"
synth_literal_Tirare su_0,it,Nel test è stato chiesto di spiegare Tirare su.,"['Nel', 'test', 'è', 'stato', 'chiesto', 'di', 'spiegare', 'Tirare', 'su.']",Tirare su,literal,"[7, 8]"
synth_literal_Tirare su_1,it,Ha evidenziato la parte Tirare su nella frase.,"['Ha', 'evidenziato', 'la', 'parte', 'Tirare', 'su', 'nella', 'frase.']",Tirare su,literal,"[4, 5]"
synth_idiomatic_Mettere dentro_0,it,Alla fine è stato costretto a Mettere dentro.,"['Alla', 'fine', 'è', 'stato', 'costretto', 'a', 'Mettere', 'dentro.']",Mettere dentro,idiomatic,"[6, 7]"
synth_idiomatic_Mettere dentro_1,it,Alcuni pensano che Mettere dentro sia necessario.,"['Alcuni', 'pensano', 'che', 'Mettere', 'dentro', 'sia', 'necessario.']",Mettere dentro,idiomatic,"[3, 4]"
synth_literal_Mettere dentro_0,it,Ha evidenziato la parte Mettere dentro nella frase.,"['Ha', 'evidenziato', 'la', 'parte', 'Mettere', 'dentro', 'nella', 'frase.']",Mettere dentro,literal,"[4, 5]"
synth_literal_Mettere dentro_1,it,Nel test è stato chiesto di spiegare Mettere dentro.,"['Nel', 'test', 'è', 'stato', 'chiesto', 'di', 'spiegare', 'Mettere', 'dentro.']",Mettere dentro,literal,"[7, 8]"
synth_idiomatic_dare corda_0,it,Si comportano sempre come se fossero dare corda.,"['Si', 'comportano', 'sempre', 'come', 'se', 'fossero', 'dare', 'corda.']",dare corda,idiomatic,"[6, 7]"
synth_idiomatic_dare corda_1,it,Alcuni pensano che dare corda sia necessario.,"['Alcuni', 'pensano', 'che', 'dare', 'corda', 'sia', 'necessario.']",dare corda,idiomatic,"[3, 4]"
synth_literal_dare corda_0,it,Ha evidenziato la parte dare corda nella frase.,"['Ha', 'evidenziato', 'la', 'parte', 'dare', 'corda', 'nella', 'frase.']",dare corda,literal,"[4, 5]"
synth_literal_dare corda_1,it,Ha cercato la parola dare corda nel dizionario.,"['Ha', 'cercato', 'la', 'parola', 'dare', 'corda', 'nel', 'dizionario.']",dare corda,literal,"[4, 5]"
synth_idiomatic_Avere il mestolo in mano_0,it,"A causa di Avere il mestolo in mano, è nata una discussione.","['A', 'causa', 'di', 'Avere', 'il', 'mestolo', 'in', 'mano,', 'è', 'nata', 'una', 'discussione.']",Avere il mestolo in mano,idiomatic,"[3, 4, 5, 6, 7]"
synth_idiomatic_Avere il mestolo in mano_1,it,Alla fine è stato costretto a Avere il mestolo in mano.,"['Alla', 'fine', 'è', 'stato', 'costretto', 'a', 'Avere', 'il', 'mestolo', 'in', 'mano.']",Avere il mestolo in mano,idiomatic,"[6, 7, 8, 9, 10]"
synth_literal_Avere il mestolo in mano_0,it,Ha cercato la parola Avere il mestolo in mano nel dizionario.,"['Ha', 'cercato', 'la', 'parola', 'Avere', 'il', 'mestolo', 'in', 'mano', 'nel', 'dizionario.']",Avere il mestolo in mano,literal,"[4, 5, 6, 7, 8]"
synth_literal_Avere il mestolo in mano_1,it,L'insegnante ha scritto l'esempio Avere il mestolo in mano alla lavagna.,"[""L'insegnante"", 'ha', 'scritto', ""l'esempio"", 'Avere', 'il', 'mestolo', 'in', 'mano', 'alla', 'lavagna.']",Avere il mestolo in mano,literal,"[4, 5, 6, 7, 8]"
synth_idiomatic_avere birra in corpo_0,it,Si comportano sempre come se fossero avere birra in corpo.,"['Si', 'comportano', 'sempre', 'come', 'se', 'fossero', 'avere', 'birra', 'in', 'corpo.']",avere birra in corpo,idiomatic,"[6, 7, 8, 9]"
synth_idiomatic_avere birra in corpo_1,it,Alcuni pensano che avere birra in corpo sia necessario.,"['Alcuni', 'pensano', 'che', 'avere', 'birra', 'in', 'corpo', 'sia', 'necessario.']",avere birra in corpo,idiomatic,"[3, 4, 5, 6]"
synth_literal_avere birra in corpo_0,it,Ha evidenziato la parte avere birra in corpo nella frase.,"['Ha', 'evidenziato', 'la', 'parte', 'avere', 'birra', 'in', 'corpo', 'nella', 'frase.']",avere birra in corpo,literal,"[4, 5, 6, 7]"
synth_literal_avere birra in corpo_1,it,Nel test è stato chiesto di spiegare avere birra in corpo.,"['Nel', 'test', 'è', 'stato', 'chiesto', 'di', 'spiegare', 'avere', 'birra', 'in', 'corpo.']",avere birra in corpo,literal,"[7, 8, 9, 10]"
synth_idiomatic_Bollire in pentola_0,it,Alcuni pensano che Bollire in pentola sia necessario.,"['Alcuni', 'pensano', 'che', 'Bollire', 'in', 'pentola', 'sia', 'necessario.']",Bollire in pentola,idiomatic,"[3, 4, 5]"
synth_idiomatic_Bollire in pentola_1,it,Si comportano sempre come se fossero Bollire in pentola.,"['Si', 'comportano', 'sempre', 'come', 'se', 'fossero', 'Bollire', 'in', 'pentola.']",Bollire in pentola,idiomatic,"[6, 7, 8]"
synth_literal_Bollire in pentola_0,it,L'insegnante ha scritto l'esempio Bollire in pentola alla lavagna.,"[""L'insegnante"", 'ha', 'scritto', ""l'esempio"", 'Bollire', 'in', 'pentola', 'alla', 'lavagna.']",Bollire in pentola,literal,"[4, 5, 6]"
synth_literal_Bollire in pentola_1,it,Ha cercato la parola Bollire in pentola nel dizionario.,"['Ha', 'cercato', 'la', 'parola', 'Bollire', 'in', 'pentola', 'nel', 'dizionario.']",Bollire in pentola,literal,"[4, 5, 6]"
synth_idiomatic_Raggiungere il bersaglio_0,it,Si comportano sempre come se fossero Raggiungere il bersaglio.,"['Si', 'comportano', 'sempre', 'come', 'se', 'fossero', 'Raggiungere', 'il', 'bersaglio.']",Raggiungere il bersaglio,idiomatic,"[6, 7, 8]"
synth_idiomatic_Raggiungere il bersaglio_1,it,"A causa di Raggiungere il bersaglio, è nata una discussione.","['A', 'causa', 'di', 'Raggiungere', 'il', 'bersaglio,', 'è', 'nata', 'una', 'discussione.']",Raggiungere il bersaglio,idiomatic,"[3, 4, 5]"
synth_literal_Raggiungere il bersaglio_0,it,Ha cercato la parola Raggiungere il bersaglio nel dizionario.,"['Ha', 'cercato', 'la', 'parola', 'Raggiungere', 'il', 'bersaglio', 'nel', 'dizionario.']",Raggiungere il bersaglio,literal,"[4, 5, 6]"
synth_literal_Raggiungere il bersaglio_1,it,L'insegnante ha scritto l'esempio Raggiungere il bersaglio alla lavagna.,"[""L'insegnante"", 'ha', 'scritto', ""l'esempio"", 'Raggiungere', 'il', 'bersaglio', 'alla', 'lavagna.']",Raggiungere il bersaglio,literal,"[4, 5, 6]"
synth_idiomatic_Coltivare il proprio orto_0,it,Alla fine è stato costretto a Coltivare il proprio orto.,"['Alla', 'fine', 'è', 'stato', 'costretto', 'a', 'Coltivare', 'il', 'proprio', 'orto.']",Coltivare il proprio orto,idiomatic,"[6, 7, 8, 9]"
synth_idiomatic_Coltivare il proprio orto_1,it,"A causa di Coltivare il proprio orto, è nata una discussione.","['A', 'causa', 'di', 'Coltivare', 'il', 'proprio', 'orto,', 'è', 'nata', 'una', 'discussione.']",Coltivare il proprio orto,idiomatic,"[3, 4, 5, 6]"
synth_literal_Coltivare il proprio orto_0,it,Ha cercato la parola Coltivare il proprio orto nel dizionario.,"['Ha', 'cercato', 'la', 'parola', 'Coltivare', 'il', 'proprio', 'orto', 'nel', 'dizionario.']",Coltivare il proprio orto,literal,"[4, 5, 6, 7]"
synth_literal_Coltivare il proprio orto_1,it,L'insegnante ha scritto l'esempio Coltivare il proprio orto alla lavagna.,"[""L'insegnante"", 'ha', 'scritto', ""l'esempio"", 'Coltivare', 'il', 'proprio', 'orto', 'alla', 'lavagna.']",Coltivare il proprio orto,literal,"[4, 5, 6, 7]"
synth_idiomatic_Buttare al vento_0,it,"A causa di Buttare al vento, è nata una discussione.","['A', 'causa', 'di', 'Buttare', 'al', 'vento,', 'è', 'nata', 'una', 'discussione.']",Buttare al vento,idiomatic,"[3, 4, 5]"
synth_idiomatic_Buttare al vento_1,it,Alla fine è stato costretto a Buttare al vento.,"['Alla', 'fine', 'è', 'stato', 'costretto', 'a', 'Buttare', 'al', 'vento.']",Buttare al vento,idiomatic,"[6, 7, 8]"
synth_literal_Buttare al vento_0,it,Ha evidenziato la parte Buttare al vento nella frase.,"['Ha', 'evidenziato', 'la', 'parte', 'Buttare', 'al', 'vento', 'nella', 'frase.']",Buttare al vento,literal,"[4, 5, 6]"
synth_literal_Buttare al vento_1,it,Nel test è stato chiesto di spiegare Buttare al vento.,"['Nel', 'test', 'è', 'stato', 'chiesto', 'di', 'spiegare', 'Buttare', 'al', 'vento.']",Buttare al vento,literal,"[7, 8, 9]"
synth_idiomatic_Gettare la spugna_0,it,Alcuni pensano che Gettare la spugna sia necessario.,"['Alcuni', 'pensano', 'che', 'Gettare', 'la', 'spugna', 'sia', 'necessario.']",Gettare la spugna,idiomatic,"[3, 4, 5]"
synth_idiomatic_Gettare la spugna_1,it,Si comportano sempre come se fossero Gettare la spugna.,"['Si', 'comportano', 'sempre', 'come', 'se', 'fossero', 'Gettare', 'la', 'spugna.']",Gettare la spugna,idiomatic,"[6, 7, 8]"
synth_literal_Gettare la spugna_0,it,Ha evidenziato la parte Gettare la spugna nella frase.,"['Ha', 'evidenziato', 'la', 'parte', 'Gettare', 'la', 'spugna', 'nella', 'frase.']",Gettare la spugna,literal,"[4, 5, 6]"
synth_literal_Gettare la spugna_1,it,Nel test è stato chiesto di spiegare Gettare la spugna.,"['Nel', 'test', 'è', 'stato', 'chiesto', 'di', 'spiegare', 'Gettare', 'la', 'spugna.']",Gettare la spugna,literal,"[7, 8, 9]"
synth_idiomatic_essere tra i piedi_0,it,Si comportano sempre come se fossero essere tra i piedi.,"['Si', 'comportano', 'sempre', 'come', 'se', 'fossero', 'essere', 'tra', 'i', 'piedi.']",essere tra i piedi,idiomatic,"[6, 7, 8, 9]"
synth_idiomatic_essere tra i piedi_1,it,"A causa di essere tra i piedi, è nata una discussione.","['A', 'causa', 'di', 'essere', 'tra', 'i', 'piedi,', 'è', 'nata', 'una', 'discussione.']",essere tra i piedi,idiomatic,"[3, 4, 5, 6]"
synth_literal_essere tra i piedi_0,it,Nel test è stato chiesto di spiegare essere tra i piedi.,"['Nel', 'test', 'è', 'stato', 'chiesto', 'di', 'spiegare', 'essere', 'tra', 'i', 'piedi.']",essere tra i piedi,literal,"[7, 8, 9, 10]"
synth_literal_essere tra i piedi_1,it,Ha cercato la parola essere tra i piedi nel dizionario.,"['Ha', 'cercato', 'la', 'parola', 'essere', 'tra', 'i', 'piedi', 'nel', 'dizionario.']",essere tra i piedi,literal,"[4, 5, 6, 7]"
synth_idiomatic_aprire gli occhi_0,it,Alcuni pensano che aprire gli occhi sia necessario.,"['Alcuni', 'pensano', 'che', 'aprire', 'gli', 'occhi', 'sia', 'necessario.']",aprire gli occhi,idiomatic,"[3, 4, 5]"
synth_idiomatic_aprire gli occhi_1,it,Alla fine è stato costretto a aprire gli occhi.,"['Alla', 'fine', 'è', 'stato', 'costretto', 'a', 'aprire', 'gli', 'occhi.']",aprire gli occhi,idiomatic,"[6, 7, 8]"
synth_literal_aprire gli occhi_0,it,Ha evidenziato la parte aprire gli occhi nella frase.,"['Ha', 'evidenziato', 'la', 'parte', 'aprire', 'gli', 'occhi', 'nella', 'frase.']",aprire gli occhi,literal,"[4, 5, 6]"
synth_literal_aprire gli occhi_1,it,L'insegnante ha scritto l'esempio aprire gli occhi alla lavagna.,"[""L'insegnante"", 'ha', 'scritto', ""l'esempio"", 'aprire', 'gli', 'occhi', 'alla', 'lavagna.']",aprire gli occhi,literal,"[4, 5, 6]"
synth_idiomatic_Aver le mani lunghe_0,it,Alla fine è stato costretto a Aver le mani lunghe.,"['Alla', 'fine', 'è', 'stato', 'costretto', 'a', 'Aver', 'le', 'mani', 'lunghe.']",Aver le mani lunghe,idiomatic,"[6, 7, 8, 9]"
synth_idiomatic_Aver le mani lunghe_1,it,Si comportano sempre come se fossero Aver le mani lunghe.,"['Si', 'comportano', 'sempre', 'come', 'se', 'fossero', 'Aver', 'le', 'mani', 'lunghe.']",Aver le mani lunghe,idiomatic,"[6, 7, 8, 9]"
synth_literal_Aver le mani lunghe_0,it,L'insegnante ha scritto l'esempio Aver le mani lunghe alla lavagna.,"[""L'insegnante"", 'ha', 'scritto', ""l'esempio"", 'Aver', 'le', 'mani', 'lunghe', 'alla', 'lavagna.']",Aver le mani lunghe,literal,"[4, 5, 6, 7]"
synth_literal_Aver le mani lunghe_1,it,Nel test è stato chiesto di spiegare Aver le mani lunghe.,"['Nel', 'test', 'è', 'stato', 'chiesto', 'di', 'spiegare', 'Aver', 'le', 'mani', 'lunghe.']",Aver le mani lunghe,literal,"[7, 8, 9, 10]"
synth_idiomatic_Avere le batterie scariche_0,it,"A causa di Avere le batterie scariche, è nata una discussione.","['A', 'causa', 'di', 'Avere', 'le', 'batterie', 'scariche,', 'è', 'nata', 'una', 'discussione.']",Avere le batterie scariche,idiomatic,"[3, 4, 5, 6]"
synth_idiomatic_Avere le batterie scariche_1,it,Alcuni pensano che Avere le batterie scariche sia necessario.,"['Alcuni', 'pensano', 'che', 'Avere', 'le', 'batterie', 'scariche', 'sia', 'necessario.']",Avere le batterie scariche,idiomatic,"[3, 4, 5, 6]"
synth_literal_Avere le batterie scariche_0,it,Ha cercato la parola Avere le batterie scariche nel dizionario.,"['Ha', 'cercato', 'la', 'parola', 'Avere', 'le', 'batterie', 'scariche', 'nel', 'dizionario.']",Avere le batterie scariche,literal,"[4, 5, 6, 7]"
synth_literal_Avere le batterie scariche_1,it,L'insegnante ha scritto l'esempio Avere le batterie scariche alla lavagna.,"[""L'insegnante"", 'ha', 'scritto', ""l'esempio"", 'Avere', 'le', 'batterie', 'scariche', 'alla', 'lavagna.']",Avere le batterie scariche,literal,"[4, 5, 6, 7]"
synth_idiomatic_abbaiare alla luna_0,it,Alla fine è stato costretto a abbaiare alla luna.,"['Alla', 'fine', 'è', 'stato', 'costretto', 'a', 'abbaiare', 'alla', 'luna.']",abbaiare alla luna,idiomatic,"[6, 7, 8]"
synth_idiomatic_abbaiare alla luna_1,it,"A causa di abbaiare alla luna, è nata una discussione.","['A', 'causa', 'di', 'abbaiare', 'alla', 'luna,', 'è', 'nata', 'una', 'discussione.']",abbaiare alla luna,idiomatic,"[3, 4, 5]"
synth_literal_abbaiare alla luna_0,it,Ha evidenziato la parte abbaiare alla luna nella frase.,"['Ha', 'evidenziato', 'la', 'parte', 'abbaiare', 'alla', 'luna', 'nella', 'frase.']",abbaiare alla luna,literal,"[4, 5, 6]"
synth_literal_abbaiare alla luna_1,it,L'insegnante ha scritto l'esempio abbaiare alla luna alla lavagna.,"[""L'insegnante"", 'ha', 'scritto', ""l'esempio"", 'abbaiare', 'alla', 'luna', 'alla', 'lavagna.']",abbaiare alla luna,literal,"[4, 5, 6]"
synth_idiomatic_Ingoiare una pillola_0,it,"A causa di Ingoiare una pillola, è nata una discussione.","['A', 'causa', 'di', 'Ingoiare', 'una', 'pillola,', 'è', 'nata', 'una', 'discussione.']",Ingoiare una pillola,idiomatic,"[3, 4, 5]"
synth_idiomatic_Ingoiare una pillola_1,it,Alla fine è stato costretto a Ingoiare una pillola.,"['Alla', 'fine', 'è', 'stato', 'costretto', 'a', 'Ingoiare', 'una', 'pillola.']",Ingoiare una pillola,idiomatic,"[6, 7, 8]"
synth_literal_Ingoiare una pillola_0,it,L'insegnante ha scritto l'esempio Ingoiare una pillola alla lavagna.,"[""L'insegnante"", 'ha', 'scritto', ""l'esempio"", 'Ingoiare', 'una', 'pillola', 'alla', 'lavagna.']",Ingoiare una pillola,literal,"[4, 5, 6]"
synth_literal_Ingoiare una pillola_1,it,Ha evidenziato la parte Ingoiare una pillola nella frase.,"['Ha', 'evidenziato', 'la', 'parte', 'Ingoiare', 'una', 'pillola', 'nella', 'frase.']",Ingoiare una pillola,literal,"[4, 5, 6]"
synth_idiomatic_Portare a casa_0,it,Alla fine è stato costretto a Portare a casa.,"['Alla', 'fine', 'è', 'stato', 'costretto', 'a', 'Portare', 'a', 'casa.']",Portare a casa,idiomatic,"[6, 7, 8]"
synth_idiomatic_Portare a casa_1,it,Alcuni pensano che Portare a casa sia necessario.,"['Alcuni', 'pensano', 'che', 'Portare', 'a', 'casa', 'sia', 'necessario.']",Portare a casa,idiomatic,"[3, 4, 5]"
synth_literal_Portare a casa_0,it,L'insegnante ha scritto l'esempio Portare a casa alla lavagna.,"[""L'insegnante"", 'ha', 'scritto', ""l'esempio"", 'Portare', 'a', 'casa', 'alla', 'lavagna.']",Portare a casa,literal,"[4, 5, 6]"
synth_literal_Portare a casa_1,it,Nel test è stato chiesto di spiegare Portare a casa.,"['Nel', 'test', 'è', 'stato', 'chiesto', 'di', 'spiegare', 'Portare', 'a', 'casa.']",Portare a casa,literal,"[7, 8, 9]"
synth_idiomatic_Aver la coda di paglia_0,it,Alla fine è stato costretto a Aver la coda di paglia.,"['Alla', 'fine', 'è', 'stato', 'costretto', 'a', 'Aver', 'la', 'coda', 'di', 'paglia.']",Aver la coda di paglia,idiomatic,"[6, 7, 8, 9, 10]"
synth_idiomatic_Aver la coda di paglia_1,it,Alcuni pensano che Aver la coda di paglia sia necessario.,"['Alcuni', 'pensano', 'che', 'Aver', 'la', 'coda', 'di', 'paglia', 'sia', 'necessario.']",Aver la coda di paglia,idiomatic,"[3, 4, 5, 6, 7]"
synth_literal_Aver la coda di paglia_0,it,Ha evidenziato la parte Aver la coda di paglia nella frase.,"['Ha', 'evidenziato', 'la', 'parte', 'Aver', 'la', 'coda', 'di', 'paglia', 'nella', 'frase.']",Aver la coda di paglia,literal,"[4, 5, 6, 7, 8]"
synth_literal_Aver la coda di paglia_1,it,L'insegnante ha scritto l'esempio Aver la coda di paglia alla lavagna.,"[""L'insegnante"", 'ha', 'scritto', ""l'esempio"", 'Aver', 'la', 'coda', 'di', 'paglia', 'alla', 'lavagna.']",Aver la coda di paglia,literal,"[4, 5, 6, 7, 8]"
synth_idiomatic_Attaccare bottone_0,it,Alla fine è stato costretto a Attaccare bottone.,"['Alla', 'fine', 'è', 'stato', 'costretto', 'a', 'Attaccare', 'bottone.']",Attaccare bottone,idiomatic,"[6, 7]"
synth_idiomatic_Attaccare bottone_1,it,"A causa di Attaccare bottone, è nata una discussione.","['A', 'causa', 'di', 'Attaccare', 'bottone,', 'è', 'nata', 'una', 'discussione.']",Attaccare bottone,idiomatic,"[3, 4]"
synth_literal_Attaccare bottone_0,it,L'insegnante ha scritto l'esempio Attaccare bottone alla lavagna.,"[""L'insegnante"", 'ha', 'scritto', ""l'esempio"", 'Attaccare', 'bottone', 'alla', 'lavagna.']",Attaccare bottone,literal,"[4, 5]"
synth_literal_Attaccare bottone_1,it,Nel test è stato chiesto di spiegare Attaccare bottone.,"['Nel', 'test', 'è', 'stato', 'chiesto', 'di', 'spiegare', 'Attaccare', 'bottone.']",Attaccare bottone,literal,"[7, 8]"
synth_idiomatic_Buttare giù_0,it,"A causa di Buttare giù, è nata una discussione.","['A', 'causa', 'di', 'Buttare', 'giù,', 'è', 'nata', 'una', 'discussione.']",Buttare giù,idiomatic,"[3, 4]"
synth_idiomatic_Buttare giù_1,it,Alla fine è stato costretto a Buttare giù.,"['Alla', 'fine', 'è', 'stato', 'costretto', 'a', 'Buttare', 'giù.']",Buttare giù,idiomatic,"[6, 7]"
synth_literal_Buttare giù_0,it,Ha evidenziato la parte Buttare giù nella frase.,"['Ha', 'evidenziato', 'la', 'parte', 'Buttare', 'giù', 'nella', 'frase.']",Buttare giù,literal,"[4, 5]"
synth_literal_Buttare giù_1,it,Nel test è stato chiesto di spiegare Buttare giù.,"['Nel', 'test', 'è', 'stato', 'chiesto', 'di', 'spiegare', 'Buttare', 'giù.']",Buttare giù,literal,"[7, 8]"
synth_idiomatic_Ammainare le vele_0,it,"A causa di Ammainare le vele, è nata una discussione.","['A', 'causa', 'di', 'Ammainare', 'le', 'vele,', 'è', 'nata', 'una', 'discussione.']",Ammainare le vele,idiomatic,"[3, 4, 5]"
synth_idiomatic_Ammainare le vele_1,it,Alcuni pensano che Ammainare le vele sia necessario.,"['Alcuni', 'pensano', 'che', 'Ammainare', 'le', 'vele', 'sia', 'necessario.']",Ammainare le vele,idiomatic,"[3, 4, 5]"
synth_literal_Ammainare le vele_0,it,Nel test è stato chiesto di spiegare Ammainare le vele.,"['Nel', 'test', 'è', 'stato', 'chiesto', 'di', 'spiegare', 'Ammainare', 'le', 'vele.']",Ammainare le vele,literal,"[7, 8, 9]"
synth_literal_Ammainare le vele_1,it,L'insegnante ha scritto l'esempio Ammainare le vele alla lavagna.,"[""L'insegnante"", 'ha', 'scritto', ""l'esempio"", 'Ammainare', 'le', 'vele', 'alla', 'lavagna.']",Ammainare le vele,literal,"[4, 5, 6]"
synth_idiomatic_Acchiappare farfalle_0,it,Alcuni pensano che Acchiappare farfalle sia necessario.,"['Alcuni', 'pensano', 'che', 'Acchiappare', 'farfalle', 'sia', 'necessario.']",Acchiappare farfalle,idiomatic,"[3, 4]"
synth_idiomatic_Acchiappare farfalle_1,it,Si comportano sempre come se fossero Acchiappare farfalle.,"['Si', 'comportano', 'sempre', 'come', 'se', 'fossero', 'Acchiappare', 'farfalle.']",Acchiappare farfalle,idiomatic,"[6, 7]"
synth_literal_Acchiappare farfalle_0,it,Ha evidenziato la parte Acchiappare farfalle nella frase.,"['Ha', 'evidenziato', 'la', 'parte', 'Acchiappare', 'farfalle', 'nella', 'frase.']",Acchiappare farfalle,literal,"[4, 5]"
synth_literal_Acchiappare farfalle_1,it,Ha cercato la parola Acchiappare farfalle nel dizionario.,"['Ha', 'cercato', 'la', 'parola', 'Acchiappare', 'farfalle', 'nel', 'dizionario.']",Acchiappare farfalle,literal,"[4, 5]"
synth_idiomatic_Andare in barca_0,it,Si comportano sempre come se fossero Andare in barca.,"['Si', 'comportano', 'sempre', 'come', 'se', 'fossero', 'Andare', 'in', 'barca.']",Andare in barca,idiomatic,"[6, 7, 8]"
synth_idiomatic_Andare in barca_1,it,Alla fine è stato costretto a Andare in barca.,"['Alla', 'fine', 'è', 'stato', 'costretto', 'a', 'Andare', 'in', 'barca.']",Andare in barca,idiomatic,"[6, 7, 8]"
synth_literal_Andare in barca_0,it,Ha cercato la parola Andare in barca nel dizionario.,"['Ha', 'cercato', 'la', 'parola', 'Andare', 'in', 'barca', 'nel', 'dizionario.']",Andare in barca,literal,"[4, 5, 6]"
synth_literal_Andare in barca_1,it,L'insegnante ha scritto l'esempio Andare in barca alla lavagna.,"[""L'insegnante"", 'ha', 'scritto', ""l'esempio"", 'Andare', 'in', 'barca', 'alla', 'lavagna.']",Andare in barca,literal,"[4, 5, 6]"
synth_idiomatic_Aprire gli occhi_0,it,Alcuni pensano che Aprire gli occhi sia necessario.,"['Alcuni', 'pensano', 'che', 'Aprire', 'gli', 'occhi', 'sia', 'necessario.']",Aprire gli occhi,idiomatic,"[3, 4, 5]"
synth_idiomatic_Aprire gli occhi_1,it,Alla fine è stato costretto a Aprire gli occhi.,"['Alla', 'fine', 'è', 'stato', 'costretto', 'a', 'Aprire', 'gli', 'occhi.']",Aprire gli occhi,idiomatic,"[6, 7, 8]"
synth_literal_Aprire gli occhi_0,it,Ha cercato la parola Aprire gli occhi nel dizionario.,"['Ha', 'cercato', 'la', 'parola', 'Aprire', 'gli', 'occhi', 'nel', 'dizionario.']",Aprire gli occhi,literal,"[4, 5, 6]"
synth_literal_Aprire gli occhi_1,it,Ha evidenziato la parte Aprire gli occhi nella frase.,"['Ha', 'evidenziato', 'la', 'parte', 'Aprire', 'gli', 'occhi', 'nella', 'frase.']",Aprire gli occhi,literal,"[4, 5, 6]"
synth_idiomatic_Essere in vena_0,it,Alcuni pensano che Essere in vena sia necessario.,"['Alcuni', 'pensano', 'che', 'Essere', 'in', 'vena', 'sia', 'necessario.']",Essere in vena,idiomatic,"[3, 4, 5]"
synth_idiomatic_Essere in vena_1,it,"A causa di Essere in vena, è nata una discussione.","['A', 'causa', 'di', 'Essere', 'in', 'vena,', 'è', 'nata', 'una', 'discussione.']",Essere in vena,idiomatic,"[3, 4, 5]"
synth_literal_Essere in vena_0,it,Ha evidenziato la parte Essere in vena nella frase.,"['Ha', 'evidenziato', 'la', 'parte', 'Essere', 'in', 'vena', 'nella', 'frase.']",Essere in vena,literal,"[4, 5, 6]"
synth_literal_Essere in vena_1,it,Ha cercato la parola Essere in vena nel dizionario.,"['Ha', 'cercato', 'la', 'parola', 'Essere', 'in', 'vena', 'nel', 'dizionario.']",Essere in vena,literal,"[4, 5, 6]"
